
DROP TABLE EMP;
DROP TABLE DEPT;
DROP TABLE BONUS;
DROP TABLE SALGRADE;
DROP TABLE DUMMY;

CREATE TABLE DEPT
       (DEPTNO NUMBER(2) CONSTRAINT CPDept PRIMARY KEY,
        DNAME VARCHAR2(14),
        LOC VARCHAR2(13)); 
CREATE TABLE EMP
       (EMPNO NUMBER(4) CONSTRAINT CPEmpno PRIMARY KEY,
        ENAME VARCHAR2(10) CONSTRAINT EnameNOTNULL NOT NULL,
        JOB CHAR(9),
        MGR NUMBER(4),
        HIREDATE DATE CONSTRAINT DateNOTNULL NOT NULL,
        SAL NUMBER(7,2),
        COMM NUMBER(7,2),
        DEPTNO NUMBER(2) CONSTRAINT RefDepno REFERENCES  dept(deptno));


CREATE TABLE BONUS
        (
        ENAME VARCHAR2(10),
        JOB VARCHAR2(9),
        SAL NUMBER,
        COMM NUMBER
        );

CREATE TABLE SALGRADE
      ( GRADE NUMBER,
        LOSAL NUMBER,
        HISAL NUMBER );


INSERT INTO DEPT VALUES (10,'ACCOUNTING','NEW YORK');
INSERT INTO DEPT VALUES (20,'RESEARCH','DALLAS');
INSERT INTO DEPT VALUES (30,'SALES','CHICAGO');
INSERT INTO DEPT VALUES (40,'OPERATIONS','BOSTON');

INSERT INTO EMP VALUES
        (7369,'SMITH','CLERK',7902,TO_DATE('17121980','DDMMYYYY'),800,NULL,20);
INSERT INTO EMP VALUES
        (7499,'ALLEN','SALESMAN',7698,TO_DATE('20021981','DDMMYYYY'),1600,300,30);
INSERT INTO EMP VALUES
        (7521,'WARD','SALESMAN',7698,TO_DATE('22021981','DDMMYYYY'),1250,500,30);
INSERT INTO EMP VALUES
        (7566,'JONES','MANAGER',7839,TO_DATE('02041981','DDMMYYYY'),2975,NULL,20);
INSERT INTO EMP VALUES
        (7654,'MARTIN','SALESMAN',7698,TO_DATE('28091981','DDMMYYYY'),1250,1400,30);
INSERT INTO EMP VALUES
        (7698,'BLAKE','MANAGER',7839,TO_DATE('01051981','DDMMYYYY'),2850,NULL,30);
INSERT INTO EMP VALUES
        (7782,'CLARK','MANAGER',7839,TO_DATE('09061981','DDMMYYYY'),2450,NULL,10);
INSERT INTO EMP VALUES
        (7788,'SCOTT','ANALYST',7566,TO_DATE('09121982','DDMMYYYY'),3000,NULL,20);
INSERT INTO EMP VALUES
        (7839,'KING','PRESIDENT',NULL,TO_DATE('17111981','DDMMYYYY'),5000,NULL,10);
INSERT INTO EMP VALUES
        (7844,'TURNER','SALESMAN',7698,TO_DATE('08091981','DDMMYYYY'),1500,0,30);
INSERT INTO EMP VALUES
        (7876,'ADAMS','CLERK',7788,TO_DATE('12011983','DDMMYYYY'),1100,NULL,20);
INSERT INTO EMP VALUES
        (7900,'JAMES','CLERK',7698,TO_DATE('03121981','DDMMYYYY'),950,NULL,30);
INSERT INTO EMP VALUES
        (7902,'FORD','ANALYST',7566,TO_DATE('03121981','DDMMYYYY'),3000,NULL,20);
INSERT INTO EMP VALUES
        (7934,'MILLER','CLERK',7782,TO_DATE('23011982','DDMMYYYY'),1300,NULL,10);


INSERT INTO SALGRADE VALUES (1,700,1200);
INSERT INTO SALGRADE VALUES (2,1201,1400);
INSERT INTO SALGRADE VALUES (3,1401,2000);
INSERT INTO SALGRADE VALUES (4,2001,3000);
INSERT INTO SALGRADE VALUES (5,3001,9999);

CREATE TABLE DUMMY
      ( DUMMY NUMBER );

INSERT INTO DUMMY VALUES (0);

ALTER TABLE emp ADD CONSTRAINT RefMgr FOREIGN KEY (Mgr) REFERENCES emp(empno);

COMMIT;

